"annotation_id","annotator","created_at","id","img","kp-1","lead_time","updated_at"
1,"1","2025-07-04T07:56:17.105968Z",1,"/data/upload/1/a5acd419-photo_5384115017823153204_y.jpg","",6.403,"2025-07-04T07:56:17.105993Z"
2,"1","2025-07-04T08:05:53.154079Z",2,"/data/upload/1/d6915e2a-photo_5384115017823153206_y.jpg","",4.587,"2025-07-04T08:05:53.154102Z"
3,"1","2025-07-04T08:06:39.588127Z",3,"/data/upload/1/849f58d2-photo_5384115017823153208_y.jpg","[{""x"":54.56621004566211,""y"":47.08904109589041,""width"":0.45662100456621,""keypointlabels"":[""Hole""],""original_width"":960,""original_height"":1280},{""x"":46.57534246575342,""y"":53.76712328767124,""width"":0.45662100456621,""keypointlabels"":[""Hole""],""original_width"":960,""original_height"":1280},{""x"":55.47945205479452,""y"":61.81506849315068,""width"":0.45662100456621,""keypointlabels"":[""Hole""],""original_width"":960,""original_height"":1280}]",268.304,"2025-07-04T08:06:39.588151Z"
4,"1","2025-07-04T08:09:37.316899Z",4,"/data/upload/1/f17fc923-photo_5384115017823153211_y.jpg","[{""x"":46.118721461187214,""y"":35.61643835616438,""width"":0.45662100456621,""keypointlabels"":[""Hole""],""original_width"":960,""original_height"":1280},{""x"":31.506849315068493,""y"":50.68493150684932,""width"":0.45662100456621,""keypointlabels"":[""Hole""],""original_width"":960,""original_height"":1280},{""x"":45.4337899543379,""y"":60.445205479452056,""width"":0.45662100456621,""keypointlabels"":[""Hole""],""original_width"":960,""original_height"":1280},{""x"":31.506849315068493,""y"":55.3082191780822,""width"":0.45662100456621,""keypointlabels"":[""Hole""],""original_width"":960,""original_height"":1280}]",170.8,"2025-07-04T08:09:37.316922Z"
5,"1","2025-07-04T08:09:45.867814Z",5,"/data/upload/1/5b8ac9e6-photo_5384115017823153213_y.jpg","",6.911,"2025-07-04T08:09:45.867841Z"
6,"1","2025-07-04T08:09:50.050207Z",6,"/data/upload/1/893763ed-photo_5384115017823153215_y.jpg","",2.74,"2025-07-04T08:09:50.050235Z"
7,"1","2025-07-04T08:09:53.682701Z",7,"/data/upload/1/ed0d51ad-photo_5384115017823153217_y.jpg","",1.672,"2025-07-04T08:09:53.682729Z"
8,"1","2025-07-04T08:10:18.596403Z",8,"/data/upload/1/e99b1dcd-photo_5384115017823153218_y.jpg","[{""x"":47.48858447488584,""y"":65.92465753424658,""width"":0.45662100456621,""keypointlabels"":[""Hole""],""original_width"":960,""original_height"":1280},{""x"":53.88127853881278,""y"":69.17808219178082,""width"":0.45662100456621,""keypointlabels"":[""Hole""],""original_width"":960,""original_height"":1280},{""x"":57.077625570776256,""y"":60.1027397260274,""width"":0.45662100456621,""keypointlabels"":[""Hole""],""original_width"":960,""original_height"":1280},{""x"":40.41095890410959,""y"":71.06164383561644,""width"":0.45662100456621,""keypointlabels"":[""Hole""],""original_width"":960,""original_height"":1280}]",23.421,"2025-07-04T08:10:18.596431Z"
9,"1","2025-07-04T08:10:39.875359Z",9,"/data/upload/1/202549ac-photo_5384115017823153219_y.jpg","[{""x"":55.93607305936074,""y"":71.4041095890411,""width"":0.45662100456621,""keypointlabels"":[""Hole""],""original_width"":960,""original_height"":1280},{""x"":36.986301369863014,""y"":79.7945205479452,""width"":0.45662100456621,""keypointlabels"":[""Hole""],""original_width"":960,""original_height"":1280},{""x"":41.0958904109589,""y"":81.67808219178082,""width"":0.45662100456621,""keypointlabels"":[""Hole""],""original_width"":960,""original_height"":1280},{""x"":37.44292237442922,""y"":61.986301369863014,""width"":0.45662100456621,""keypointlabels"":[""Hole""],""original_width"":960,""original_height"":1280}]",19.872,"2025-07-04T08:10:39.875386Z"
10,"1","2025-07-04T08:11:09.022695Z",10,"/data/upload/1/28e69129-photo_5384115017823153220_y.jpg","[{""x"":48.63013698630137,""y"":60.95890410958904,""width"":0.45662100456621,""keypointlabels"":[""Hole""],""original_width"":960,""original_height"":1280},{""x"":74.88584474885845,""y"":65.06849315068493,""width"":0.45662100456621,""keypointlabels"":[""Hole""],""original_width"":960,""original_height"":1280},{""x"":36.5296803652968,""y"":69.52054794520548,""width"":0.45662100456621,""keypointlabels"":[""Hole""],""original_width"":960,""original_height"":1280},{""x"":39.04109589041096,""y"":72.6027397260274,""width"":0.45662100456621,""keypointlabels"":[""Hole""],""original_width"":960,""original_height"":1280}]",24.629,"2025-07-04T08:11:09.022719Z"
11,"1","2025-07-04T08:11:30.877090Z",11,"/data/upload/1/c83a3d06-photo_5384115017823153222_y.jpg","[{""x"":51.598173515981735,""y"":67.2945205479452,""width"":0.45662100456621,""keypointlabels"":[""Hole""],""original_width"":960,""original_height"":1280},{""x"":31.05022831050228,""y"":89.55479452054794,""width"":0.45662100456621,""keypointlabels"":[""Hole""],""original_width"":960,""original_height"":1280},{""x"":46.118721461187214,""y"":87.32876712328768,""width"":0.45662100456621,""keypointlabels"":[""Hole""],""original_width"":960,""original_height"":1280},{""x"":48.401826484018265,""y"":90.41095890410958,""width"":0.45662100456621,""keypointlabels"":[""Hole""],""original_width"":960,""original_height"":1280}]",20.522,"2025-07-04T08:11:30.877124Z"
12,"1","2025-07-04T08:11:49.924726Z",12,"/data/upload/1/58a67430-photo_5384115017823153224_y.jpg","[{""x"":16.894977168949772,""y"":48.45890410958904,""width"":0.45662100456621,""keypointlabels"":[""Hole""],""original_width"":960,""original_height"":1280},{""x"":38.58447488584475,""y"":52.054794520547944,""width"":0.45662100456621,""keypointlabels"":[""Hole""],""original_width"":960,""original_height"":1280},{""x"":27.168949771689498,""y"":65.58219178082192,""width"":0.45662100456621,""keypointlabels"":[""Hole""],""original_width"":960,""original_height"":1280},{""x"":46.34703196347032,""y"":58.390410958904106,""width"":0.45662100456621,""keypointlabels"":[""Hole""],""original_width"":960,""original_height"":1280}]",17.515,"2025-07-04T08:11:49.924754Z"
13,"1","2025-07-04T08:12:11.396638Z",13,"/data/upload/1/1c3d62c2-photo_5384115017823153225_y.jpg","[{""x"":52.96803652968036,""y"":63.52739726027398,""width"":0.45662100456621,""keypointlabels"":[""Hole""],""original_width"":960,""original_height"":1280},{""x"":49.77168949771689,""y"":75.34246575342466,""width"":0.45662100456621,""keypointlabels"":[""Hole""],""original_width"":960,""original_height"":1280},{""x"":48.401826484018265,""y"":83.56164383561644,""width"":0.45662100456621,""keypointlabels"":[""Hole""],""original_width"":960,""original_height"":1280},{""x"":17.80821917808219,""y"":90.58219178082192,""width"":0.45662100456621,""keypointlabels"":[""Hole""],""original_width"":960,""original_height"":1280}]",18.526,"2025-07-04T08:12:11.396668Z"
14,"1","2025-07-04T08:12:34.777843Z",14,"/data/upload/1/2a42e747-photo_5384115017823153227_y.jpg","[{""x"":43.83561643835616,""y"":60.95890410958904,""width"":0.45662100456621,""keypointlabels"":[""Hole""],""original_width"":960,""original_height"":1280},{""x"":51.369863013698634,""y"":54.794520547945204,""width"":0.45662100456621,""keypointlabels"":[""Hole""],""original_width"":960,""original_height"":1280},{""x"":47.03196347031963,""y"":40.23972602739726,""width"":0.45662100456621,""keypointlabels"":[""Hole""],""original_width"":960,""original_height"":1280},{""x"":51.598173515981735,""y"":37.15753424657534,""width"":0.45662100456621,""keypointlabels"":[""Hole""],""original_width"":960,""original_height"":1280}]",21.821,"2025-07-04T08:12:34.777865Z"
15,"1","2025-07-04T08:12:54.595978Z",15,"/data/upload/1/0054ba66-photo_5384115017823153228_y.jpg","[{""x"":45.4337899543379,""y"":67.12328767123287,""width"":0.45662100456621,""keypointlabels"":[""Hole""],""original_width"":960,""original_height"":1280},{""x"":52.73972602739726,""y"":78.76712328767124,""width"":0.45662100456621,""keypointlabels"":[""Hole""],""original_width"":960,""original_height"":1280}]",17.76,"2025-07-04T08:12:54.596005Z"
16,"1","2025-07-04T08:12:58.778578Z",16,"/data/upload/1/a2109918-photo_5384115017823153231_y.jpg","",2.406,"2025-07-04T08:12:58.778608Z"
17,"1","2025-07-04T08:13:18.332880Z",17,"/data/upload/1/bc9c20b9-photo_5384115017823153233_y.jpg","[{""x"":30.136986301369863,""y"":69.6917808219178,""width"":0.45662100456621,""keypointlabels"":[""Hole""],""original_width"":960,""original_height"":1280},{""x"":37.21461187214612,""y"":63.6986301369863,""width"":0.45662100456621,""keypointlabels"":[""Hole""],""original_width"":960,""original_height"":1280},{""x"":53.65296803652968,""y"":70.8904109589041,""width"":0.45662100456621,""keypointlabels"":[""Hole""],""original_width"":960,""original_height"":1280},{""x"":55.25114155251142,""y"":73.45890410958904,""width"":0.45662100456621,""keypointlabels"":[""Hole""],""original_width"":960,""original_height"":1280}]",17.37,"2025-07-04T08:13:18.332904Z"
18,"1","2025-07-04T08:13:24.531954Z",18,"/data/upload/1/2759c169-photo_5384115017823153235_y.jpg","",4.663,"2025-07-04T08:13:24.531981Z"
19,"1","2025-07-04T08:13:28.343183Z",19,"/data/upload/1/735647f7-photo_5384115017823153237_y.jpg","",2.393,"2025-07-04T08:13:28.343203Z"
20,"1","2025-07-04T08:14:56.611730Z",20,"/data/upload/1/4d58c9e6-photo_5384115017823153239_y.jpg","[{""x"":43.60730593607306,""y"":81.67808219178082,""width"":0.45662100456621,""keypointlabels"":[""Hole""],""original_width"":960,""original_height"":1280},{""x"":51.141552511415526,""y"":77.73972602739725,""width"":0.45662100456621,""keypointlabels"":[""Hole""],""original_width"":960,""original_height"":1280}]",86.715,"2025-07-04T08:14:56.611754Z"
21,"1","2025-07-04T08:14:59.648024Z",21,"/data/upload/1/4abec8ce-photo_5386366817636839245_y.jpg","",2.155,"2025-07-04T08:14:59.648051Z"
22,"1","2025-07-04T08:15:02.084744Z",22,"/data/upload/1/d60a05f9-photo_5386366817636839246_y.jpg","",1.402,"2025-07-04T08:15:02.084771Z"
23,"1","2025-07-04T08:15:04.381105Z",23,"/data/upload/1/e3529d50-photo_5386366817636839248_y.jpg","",1.347,"2025-07-04T08:15:04.381128Z"
24,"1","2025-07-04T08:15:20.240499Z",24,"/data/upload/1/4081035c-photo_5386366817636839251_y.jpg","[{""x"":32.19178082191781,""y"":62.328767123287676,""width"":0.45662100456621,""keypointlabels"":[""Hole""],""original_width"":960,""original_height"":1280},{""x"":37.21461187214612,""y"":65.75342465753424,""width"":0.45662100456621,""keypointlabels"":[""Hole""],""original_width"":960,""original_height"":1280},{""x"":43.83561643835616,""y"":63.869863013698634,""width"":0.45662100456621,""keypointlabels"":[""Hole""],""original_width"":960,""original_height"":1280}]",15.133,"2025-07-04T08:15:20.240524Z"
25,"1","2025-07-04T08:15:32.818081Z",25,"/data/upload/1/870fee60-photo_5386366817636839253_y.jpg","[{""x"":27.397260273972602,""y"":64.38356164383562,""width"":0.45662100456621,""keypointlabels"":[""Hole""],""original_width"":960,""original_height"":1280},{""x"":46.80365296803653,""y"":63.6986301369863,""width"":0.45662100456621,""keypointlabels"":[""Hole""],""original_width"":960,""original_height"":1280},{""x"":58.9041095890411,""y"":78.25342465753424,""width"":0.45662100456621,""keypointlabels"":[""Hole""],""original_width"":960,""original_height"":1280}]",11.295,"2025-07-04T08:15:32.818110Z"
26,"1","2025-07-04T08:15:39.416383Z",26,"/data/upload/1/67ae9fdb-photo_5386366817636839255_y.jpg","",3.048,"2025-07-04T08:15:39.416412Z"
27,"1","2025-07-04T08:15:42.900049Z",27,"/data/upload/1/29a8a1b3-photo_5386366817636839259_y.jpg","",2.361,"2025-07-04T08:15:42.900077Z"
28,"1","2025-07-04T08:16:00.656430Z",28,"/data/upload/1/18891738-photo_5386366817636839260_y.jpg","[{""x"":43.60730593607306,""y"":74.82876712328768,""width"":0.45662100456621,""keypointlabels"":[""Hole""],""original_width"":960,""original_height"":1280},{""x"":36.07305936073059,""y"":71.23287671232876,""width"":0.45662100456621,""keypointlabels"":[""Hole""],""original_width"":960,""original_height"":1280},{""x"":28.99543378995434,""y"":77.73972602739725,""width"":0.45662100456621,""keypointlabels"":[""Hole""],""original_width"":960,""original_height"":1280},{""x"":49.31506849315068,""y"":63.52739726027398,""width"":0.45662100456621,""keypointlabels"":[""Hole""],""original_width"":960,""original_height"":1280}]",16.781,"2025-07-04T08:16:00.656459Z"
29,"1","2025-07-04T08:16:18.390575Z",29,"/data/upload/1/05c8eead-photo_5386366817636839261_y.jpg","[{""x"":64.61187214611871,""y"":62.328767123287676,""width"":0.45662100456621,""keypointlabels"":[""Hole""],""original_width"":960,""original_height"":1280},{""x"":51.369863013698634,""y"":59.07534246575342,""width"":0.45662100456621,""keypointlabels"":[""Hole""],""original_width"":960,""original_height"":1280},{""x"":41.32420091324201,""y"":55.47945205479452,""width"":0.45662100456621,""keypointlabels"":[""Hole""],""original_width"":960,""original_height"":1280},{""x"":28.538812785388128,""y"":64.21232876712328,""width"":0.45662100456621,""keypointlabels"":[""Hole""],""original_width"":960,""original_height"":1280}]",16.758,"2025-07-04T08:16:18.390599Z"
30,"1","2025-07-04T08:16:31.054552Z",30,"/data/upload/1/bebd8853-photo_5386366817636839262_y.jpg","[{""x"":35.15981735159817,""y"":68.15068493150685,""width"":0.45662100456621,""keypointlabels"":[""Hole""],""original_width"":960,""original_height"":1280}]",11.409,"2025-07-04T08:16:31.054584Z"
31,"1","2025-07-04T08:16:47.918297Z",31,"/data/upload/1/e6049f62-photo_5386366817636839263_y.jpg","[{""x"":26.027397260273972,""y"":68.83561643835617,""width"":0.45662100456621,""keypointlabels"":[""Hole""],""original_width"":960,""original_height"":1280},{""x"":23.972602739726025,""y"":55.9931506849315,""width"":0.45662100456621,""keypointlabels"":[""Hole""],""original_width"":960,""original_height"":1280},{""x"":27.85388127853881,""y"":50,""width"":0.45662100456621,""keypointlabels"":[""Hole""],""original_width"":960,""original_height"":1280},{""x"":38.58447488584475,""y"":54.794520547945204,""width"":0.45662100456621,""keypointlabels"":[""Hole""],""original_width"":960,""original_height"":1280}]",16.042,"2025-07-04T08:16:47.918321Z"
32,"1","2025-07-04T08:17:01.525195Z",32,"/data/upload/1/f764269d-photo_5386366817636839264_y.jpg","[{""x"":25.570776255707763,""y"":74.14383561643835,""width"":0.45662100456621,""keypointlabels"":[""Hole""],""original_width"":960,""original_height"":1280},{""x"":27.397260273972602,""y"":66.95205479452055,""width"":0.45662100456621,""keypointlabels"":[""Hole""],""original_width"":960,""original_height"":1280}]",11.539,"2025-07-04T08:17:01.525220Z"
33,"1","2025-07-04T08:17:06.826399Z",33,"/data/upload/1/8f3223c8-photo_5386366817636839266_y.jpg","",4.268,"2025-07-04T08:17:06.826428Z"
34,"1","2025-07-04T08:17:10.691021Z",34,"/data/upload/1/be142c8d-photo_5386366817636839268_y.jpg","",2.872,"2025-07-04T08:17:10.691046Z"
35,"1","2025-07-04T08:17:23.516929Z",35,"/data/upload/1/d8473f4d-photo_5386366817636839271_y.jpg","[{""x"":17.35159817351598,""y"":77.22602739726028,""width"":0.45662100456621,""keypointlabels"":[""Hole""],""original_width"":960,""original_height"":1280},{""x"":28.99543378995434,""y"":72.43150684931507,""width"":0.45662100456621,""keypointlabels"":[""Hole""],""original_width"":960,""original_height"":1280},{""x"":30.59360730593607,""y"":62.84246575342466,""width"":0.45662100456621,""keypointlabels"":[""Hole""],""original_width"":960,""original_height"":1280},{""x"":45.4337899543379,""y"":59.07534246575342,""width"":0.45662100456621,""keypointlabels"":[""Hole""],""original_width"":960,""original_height"":1280}]",11.829,"2025-07-04T08:17:23.516953Z"
36,"1","2025-07-04T08:17:36.068047Z",36,"/data/upload/1/873c5290-photo_5386366817636839273_y.jpg","[{""x"":36.986301369863014,""y"":57.87671232876712,""width"":0.45662100456621,""keypointlabels"":[""Hole""],""original_width"":960,""original_height"":1280},{""x"":38.12785388127854,""y"":52.226027397260275,""width"":0.45662100456621,""keypointlabels"":[""Hole""],""original_width"":960,""original_height"":1280},{""x"":49.77168949771689,""y"":56.5068493150685,""width"":0.45662100456621,""keypointlabels"":[""Hole""],""original_width"":960,""original_height"":1280},{""x"":46.34703196347032,""y"":68.15068493150685,""width"":0.45662100456621,""keypointlabels"":[""Hole""],""original_width"":960,""original_height"":1280}]",11.59,"2025-07-04T08:17:36.068068Z"
37,"1","2025-07-04T08:17:38.963360Z",37,"/data/upload/1/363ed1b9-photo_5386555100413161416_y.jpg","",2.011,"2025-07-04T08:17:38.963388Z"
38,"1","2025-07-04T08:17:41.645100Z",38,"/data/upload/1/c70192f3-photo_5386555100413161417_y.jpg","",1.635,"2025-07-04T08:17:41.645130Z"
39,"1","2025-07-04T08:17:44.204260Z",39,"/data/upload/1/73bffcdf-photo_5386555100413161418_y.jpg","",1.626,"2025-07-04T08:17:44.204279Z"
40,"1","2025-07-04T08:18:00.823857Z",40,"/data/upload/1/b1383e51-photo_5386555100413161421_y.jpg","[{""x"":43.15068493150685,""y"":54.109589041095894,""width"":0.45662100456621,""keypointlabels"":[""Hole""],""original_width"":960,""original_height"":1280},{""x"":45.20547945205479,""y"":52.226027397260275,""width"":0.45662100456621,""keypointlabels"":[""Hole""],""original_width"":960,""original_height"":1280},{""x"":47.94520547945205,""y"":62.15753424657534,""width"":0.45662100456621,""keypointlabels"":[""Hole""],""original_width"":960,""original_height"":1280},{""x"":53.42465753424658,""y"":65.06849315068493,""width"":0.45662100456621,""keypointlabels"":[""Hole""],""original_width"":960,""original_height"":1280}]",15.713,"2025-07-04T08:18:00.823874Z"
41,"1","2025-07-04T08:18:13.360674Z",41,"/data/upload/1/d4a65fd6-photo_5386555100413161423_y.jpg","[{""x"":34.93150684931507,""y"":34.76027397260274,""width"":0.45662100456621,""keypointlabels"":[""Hole""],""original_width"":960,""original_height"":1280},{""x"":26.94063926940639,""y"":57.1917808219178,""width"":0.45662100456621,""keypointlabels"":[""Hole""],""original_width"":960,""original_height"":1280},{""x"":34.24657534246575,""y"":50,""width"":0.45662100456621,""keypointlabels"":[""Hole""],""original_width"":960,""original_height"":1280},{""x"":34.93150684931507,""y"":63.52739726027398,""width"":0.45662100456621,""keypointlabels"":[""Hole""],""original_width"":960,""original_height"":1280}]",10.874,"2025-07-04T08:18:13.360787Z"
42,"1","2025-07-04T08:18:24.799812Z",42,"/data/upload/1/afb0ba4d-photo_5386555100413161425_y.jpg","[{""x"":44.74885844748858,""y"":38.35616438356164,""width"":0.45662100456621,""keypointlabels"":[""Hole""],""original_width"":960,""original_height"":1280},{""x"":41.78082191780822,""y"":45.37671232876712,""width"":0.45662100456621,""keypointlabels"":[""Hole""],""original_width"":960,""original_height"":1280},{""x"":51.141552511415526,""y"":39.8972602739726,""width"":0.45662100456621,""keypointlabels"":[""Hole""],""original_width"":960,""original_height"":1280},{""x"":49.31506849315068,""y"":42.80821917808219,""width"":0.45662100456621,""keypointlabels"":[""Hole""],""original_width"":960,""original_height"":1280}]",10.365,"2025-07-04T08:18:24.799834Z"
43,"1","2025-07-04T08:18:37.181899Z",43,"/data/upload/1/bb7bef85-photo_5386555100413161427_y.jpg","[{""x"":55.93607305936074,""y"":68.83561643835617,""width"":0.45662100456621,""keypointlabels"":[""Hole""],""original_width"":960,""original_height"":1280},{""x"":52.96803652968036,""y"":62.328767123287676,""width"":0.45662100456621,""keypointlabels"":[""Hole""],""original_width"":960,""original_height"":1280},{""x"":64.61187214611871,""y"":63.013698630136986,""width"":0.45662100456621,""keypointlabels"":[""Hole""],""original_width"":960,""original_height"":1280}]",11.301,"2025-07-04T08:18:37.181926Z"
44,"1","2025-07-04T08:18:49.948092Z",44,"/data/upload/1/4954a08c-photo_5386555100413161428_y.jpg","[{""x"":35.38812785388128,""y"":39.55479452054795,""width"":0.45662100456621,""keypointlabels"":[""Hole""],""original_width"":960,""original_height"":1280},{""x"":67.12328767123287,""y"":26.36986301369863,""width"":0.45662100456621,""keypointlabels"":[""Hole""],""original_width"":960,""original_height"":1280},{""x"":44.52054794520548,""y"":37.5,""width"":0.45662100456621,""keypointlabels"":[""Hole""],""original_width"":960,""original_height"":1280},{""x"":38.12785388127854,""y"":54.794520547945204,""width"":0.45662100456621,""keypointlabels"":[""Hole""],""original_width"":960,""original_height"":1280}]",11.73,"2025-07-04T08:18:49.948116Z"
45,"1","2025-07-04T08:19:03.371782Z",45,"/data/upload/1/945034de-photo_5386555100413161429_y.jpg","[{""x"":46.118721461187214,""y"":40.06849315068493,""width"":0.45662100456621,""keypointlabels"":[""Hole""],""original_width"":960,""original_height"":1280},{""x"":34.24657534246575,""y"":40.23972602739726,""width"":0.45662100456621,""keypointlabels"":[""Hole""],""original_width"":960,""original_height"":1280},{""x"":45.4337899543379,""y"":55.821917808219176,""width"":0.45662100456621,""keypointlabels"":[""Hole""],""original_width"":960,""original_height"":1280},{""x"":41.0958904109589,""y"":46.917808219178085,""width"":0.45662100456621,""keypointlabels"":[""Hole""],""original_width"":960,""original_height"":1280}]",12.487,"2025-07-04T08:19:03.371805Z"
46,"1","2025-07-04T08:19:16.781916Z",46,"/data/upload/1/15b1c976-photo_5386555100413161431_y.jpg","[{""x"":61.87214611872146,""y"":52.73972602739726,""width"":0.45662100456621,""keypointlabels"":[""Hole""],""original_width"":960,""original_height"":1280},{""x"":57.76255707762557,""y"":46.74657534246575,""width"":0.45662100456621,""keypointlabels"":[""Hole""],""original_width"":960,""original_height"":1280},{""x"":44.97716894977169,""y"":46.23287671232877,""width"":0.45662100456621,""keypointlabels"":[""Hole""],""original_width"":960,""original_height"":1280}]",12.624,"2025-07-04T08:19:16.781939Z"
47,"1","2025-07-04T08:19:27.075259Z",47,"/data/upload/1/2244b681-photo_5386555100413161432_y.jpg","[{""x"":44.97716894977169,""y"":59.93150684931506,""width"":0.45662100456621,""keypointlabels"":[""Hole""],""original_width"":960,""original_height"":1280},{""x"":42.922374429223744,""y"":56.33561643835616,""width"":0.45662100456621,""keypointlabels"":[""Hole""],""original_width"":960,""original_height"":1280},{""x"":59.589041095890416,""y"":55.9931506849315,""width"":0.45662100456621,""keypointlabels"":[""Hole""],""original_width"":960,""original_height"":1280}]",8.436,"2025-07-04T08:19:27.075284Z"
48,"1","2025-07-04T08:19:44.774516Z",48,"/data/upload/1/1f8c539c-photo_5386555100413161434_y.jpg","[{""x"":47.03196347031963,""y"":52.3972602739726,""width"":0.45662100456621,""keypointlabels"":[""Hole""],""original_width"":960,""original_height"":1280},{""x"":33.33333333333333,""y"":42.12328767123288,""width"":0.45662100456621,""keypointlabels"":[""Hole""],""original_width"":960,""original_height"":1280},{""x"":38.12785388127854,""y"":29.96575342465753,""width"":0.45662100456621,""keypointlabels"":[""Hole""],""original_width"":960,""original_height"":1280},{""x"":40.182648401826484,""y"":49.65753424657534,""width"":0.45662100456621,""keypointlabels"":[""Hole""],""original_width"":960,""original_height"":1280}]",16.899,"2025-07-04T08:19:44.774549Z"
49,"1","2025-07-04T08:19:58.401207Z",49,"/data/upload/1/37ffb0ac-photo_5386555100413161436_y.jpg","[{""x"":35.15981735159817,""y"":50.34246575342466,""width"":0.45662100456621,""keypointlabels"":[""Hole""],""original_width"":960,""original_height"":1280},{""x"":28.538812785388128,""y"":55.9931506849315,""width"":0.45662100456621,""keypointlabels"":[""Hole""],""original_width"":960,""original_height"":1280},{""x"":41.0958904109589,""y"":46.917808219178085,""width"":0.45662100456621,""keypointlabels"":[""Hole""],""original_width"":960,""original_height"":1280},{""x"":42.23744292237443,""y"":44.69178082191781,""width"":0.45662100456621,""keypointlabels"":[""Hole""],""original_width"":960,""original_height"":1280}]",12.719,"2025-07-04T08:19:58.401230Z"
50,"1","2025-07-04T08:20:01.841668Z",50,"/data/upload/1/dc1ba4e9-photo_5386555100413161438_y.jpg","",2.279,"2025-07-04T08:20:01.841691Z"
51,"1","2025-07-04T08:20:04.986487Z",51,"/data/upload/1/8d95d339-photo_5386555100413161440_y.jpg","",2.233,"2025-07-04T08:20:04.986516Z"
52,"1","2025-07-04T08:20:18.509010Z",52,"/data/upload/1/6d340470-photo_5386555100413161442_y.jpg","[{""x"":34.47488584474886,""y"":52.226027397260275,""width"":0.45662100456621,""keypointlabels"":[""Hole""],""original_width"":960,""original_height"":1280},{""x"":39.04109589041096,""y"":54.794520547945204,""width"":0.45662100456621,""keypointlabels"":[""Hole""],""original_width"":960,""original_height"":1280},{""x"":52.51141552511416,""y"":39.8972602739726,""width"":0.45662100456621,""keypointlabels"":[""Hole""],""original_width"":960,""original_height"":1280},{""x"":56.62100456621004,""y"":58.9041095890411,""width"":0.45662100456621,""keypointlabels"":[""Hole""],""original_width"":960,""original_height"":1280}]",12.678,"2025-07-04T08:20:18.509033Z"
53,"1","2025-07-04T08:20:31.876955Z",53,"/data/upload/1/3bf26bb8-photo_5386555100413161444_y.jpg","[{""x"":25.570776255707763,""y"":68.4931506849315,""width"":0.45662100456621,""keypointlabels"":[""Hole""],""original_width"":960,""original_height"":1280},{""x"":42.465753424657535,""y"":55.3082191780822,""width"":0.45662100456621,""keypointlabels"":[""Hole""],""original_width"":960,""original_height"":1280},{""x"":49.54337899543379,""y"":54.45205479452054,""width"":0.45662100456621,""keypointlabels"":[""Hole""],""original_width"":960,""original_height"":1280},{""x"":50,""y"":65.92465753424658,""width"":0.45662100456621,""keypointlabels"":[""Hole""],""original_width"":960,""original_height"":1280}]",12.414,"2025-07-04T08:20:31.876980Z"
54,"1","2025-07-04T08:20:43.733050Z",54,"/data/upload/1/fcf2e9c4-photo_5386555100413161446_y.jpg","[{""x"":17.80821917808219,""y"":57.534246575342465,""width"":0.45662100456621,""keypointlabels"":[""Hole""],""original_width"":960,""original_height"":1280},{""x"":23.74429223744292,""y"":64.8972602739726,""width"":0.45662100456621,""keypointlabels"":[""Hole""],""original_width"":960,""original_height"":1280},{""x"":41.55251141552511,""y"":58.21917808219178,""width"":0.45662100456621,""keypointlabels"":[""Hole""],""original_width"":960,""original_height"":1280},{""x"":52.28310502283106,""y"":59.589041095890416,""width"":0.45662100456621,""keypointlabels"":[""Hole""],""original_width"":960,""original_height"":1280}]",11.004,"2025-07-04T08:20:43.733074Z"
55,"1","2025-07-04T08:20:47.208884Z",55,"/data/upload/1/1548eef9-photo_5388806900226843844_y.jpg","",1.786,"2025-07-04T08:20:47.208909Z"
56,"1","2025-07-04T08:20:49.500413Z",56,"/data/upload/1/675e6d9b-photo_5388806900226843845_y.jpg","",1.465,"2025-07-04T08:20:49.500437Z"
57,"1","2025-07-04T08:20:54.083358Z",57,"/data/upload/1/342a5383-photo_5388806900226843846_y.jpg","",2.709,"2025-07-04T08:20:54.083386Z"
58,"1","2025-07-04T08:21:06.263566Z",58,"/data/upload/1/e338f5c2-photo_5388806900226843854_y.jpg","",11.279,"2025-07-04T08:21:06.263589Z"
59,"1","2025-07-04T08:21:08.398084Z",59,"/data/upload/1/5f545b53-photo_5388806900226843856_y.jpg","",1.199,"2025-07-04T08:21:08.398111Z"
60,"1","2025-07-04T08:21:10.405140Z",60,"/data/upload/1/6a2f431d-photo_5388806900226843858_y.jpg","",1.205,"2025-07-04T08:21:10.405167Z"
61,"1","2025-07-04T08:21:22.180000Z",61,"/data/upload/1/ee62c8da-photo_5388806900226843860_y.jpg","[{""x"":48.858447488584474,""y"":54.28082191780822,""width"":0.45662100456621,""keypointlabels"":[""Hole""],""original_width"":960,""original_height"":1280},{""x"":49.54337899543379,""y"":56.678082191780824,""width"":0.45662100456621,""keypointlabels"":[""Hole""],""original_width"":960,""original_height"":1280},{""x"":52.054794520547944,""y"":61.3013698630137,""width"":0.45662100456621,""keypointlabels"":[""Hole""],""original_width"":960,""original_height"":1280},{""x"":43.15068493150685,""y"":70.71917808219177,""width"":0.45662100456621,""keypointlabels"":[""Hole""],""original_width"":960,""original_height"":1280}]",11.061,"2025-07-04T08:21:22.180025Z"
62,"1","2025-07-04T08:21:33.268118Z",62,"/data/upload/1/3274b923-photo_5388806900226843861_y.jpg","[{""x"":52.28310502283106,""y"":55.821917808219176,""width"":0.45662100456621,""keypointlabels"":[""Hole""],""original_width"":960,""original_height"":1280},{""x"":53.65296803652968,""y"":48.45890410958904,""width"":0.45662100456621,""keypointlabels"":[""Hole""],""original_width"":960,""original_height"":1280},{""x"":61.18721461187214,""y"":45.54794520547945,""width"":0.45662100456621,""keypointlabels"":[""Hole""],""original_width"":960,""original_height"":1280},{""x"":70.09132420091323,""y"":51.369863013698634,""width"":0.45662100456621,""keypointlabels"":[""Hole""],""original_width"":960,""original_height"":1280}]",10.101,"2025-07-04T08:21:33.268141Z"
63,"1","2025-07-04T08:21:44.922850Z",63,"/data/upload/1/a3bf71a0-photo_5388806900226843863_y.jpg","[{""x"":52.51141552511416,""y"":44.69178082191781,""width"":0.45662100456621,""keypointlabels"":[""Hole""],""original_width"":960,""original_height"":1280},{""x"":45.20547945205479,""y"":50.34246575342466,""width"":0.45662100456621,""keypointlabels"":[""Hole""],""original_width"":960,""original_height"":1280},{""x"":39.49771689497717,""y"":54.45205479452054,""width"":0.45662100456621,""keypointlabels"":[""Hole""],""original_width"":960,""original_height"":1280},{""x"":66.21004566210046,""y"":60.61643835616438,""width"":0.45662100456621,""keypointlabels"":[""Hole""],""original_width"":960,""original_height"":1280}]",10.324,"2025-07-04T08:21:44.922875Z"
64,"1","2025-07-04T08:21:49.060589Z",64,"/data/upload/1/0e22beda-photo_5388806900226844051_y.jpg","",3.197,"2025-07-04T08:21:49.060609Z"
65,"1","2025-07-04T08:21:55.418733Z",65,"/data/upload/1/2759b8a1-photo_5388806900226844053_y.jpg","",5.519,"2025-07-04T08:21:55.418761Z"
66,"1","2025-07-04T08:22:14.126482Z",66,"/data/upload/1/ae7fb798-photo_5388806900226844055_y.jpg","[{""x"":56.62100456621004,""y"":61.47260273972602,""width"":0.45662100456621,""keypointlabels"":[""Hole""],""original_width"":960,""original_height"":1280},{""x"":51.141552511415526,""y"":59.417808219178085,""width"":0.45662100456621,""keypointlabels"":[""Hole""],""original_width"":960,""original_height"":1280},{""x"":51.598173515981735,""y"":57.02054794520548,""width"":0.45662100456621,""keypointlabels"":[""Hole""],""original_width"":960,""original_height"":1280},{""x"":53.65296803652968,""y"":57.87671232876712,""width"":0.45662100456621,""keypointlabels"":[""Hole""],""original_width"":960,""original_height"":1280}]",17.762,"2025-07-04T08:22:14.126509Z"
67,"1","2025-07-04T08:22:26.044397Z",67,"/data/upload/1/4e4630e2-photo_5388806900226844057_y.jpg","[{""x"":44.06392694063927,""y"":46.06164383561644,""width"":0.45662100456621,""keypointlabels"":[""Hole""],""original_width"":960,""original_height"":1280},{""x"":41.55251141552511,""y"":54.794520547945204,""width"":0.45662100456621,""keypointlabels"":[""Hole""],""original_width"":960,""original_height"":1280},{""x"":31.963470319634702,""y"":63.869863013698634,""width"":0.45662100456621,""keypointlabels"":[""Hole""],""original_width"":960,""original_height"":1280},{""x"":44.52054794520548,""y"":60.445205479452056,""width"":0.45662100456621,""keypointlabels"":[""Hole""],""original_width"":960,""original_height"":1280}]",10.806,"2025-07-04T08:22:26.044422Z"
68,"1","2025-07-04T08:22:32.280701Z",68,"/data/upload/1/e4a0f4e4-photo_5388806900226844059_y.jpg","",5.115,"2025-07-04T08:22:32.280729Z"
69,"1","2025-07-04T08:22:34.743225Z",69,"/data/upload/1/07953b44-photo_5388806900226844060_y.jpg","",1.499,"2025-07-04T08:22:34.743253Z"
70,"1","2025-07-04T08:22:38.239291Z",70,"/data/upload/1/ac72ff81-photo_5388806900226844061_y.jpg","",2.617,"2025-07-04T08:22:38.239323Z"
71,"1","2025-07-04T08:22:46.774406Z",71,"/data/upload/1/5e089a09-photo_5388806900226844062_y.jpg","[{""x"":48.401826484018265,""y"":72.77397260273972,""width"":0.45662100456621,""keypointlabels"":[""Hole""],""original_width"":960,""original_height"":1280},{""x"":52.51141552511416,""y"":71.4041095890411,""width"":0.45662100456621,""keypointlabels"":[""Hole""],""original_width"":960,""original_height"":1280},{""x"":53.65296803652968,""y"":80.47945205479452,""width"":0.45662100456621,""keypointlabels"":[""Hole""],""original_width"":960,""original_height"":1280},{""x"":49.77168949771689,""y"":83.9041095890411,""width"":0.45662100456621,""keypointlabels"":[""Hole""],""original_width"":960,""original_height"":1280}]",7.48,"2025-07-04T08:22:46.774437Z"
72,"1","2025-07-04T08:22:55.348633Z",72,"/data/upload/1/01e5817d-photo_5388806900226844063_y.jpg","[{""x"":43.60730593607306,""y"":48.11643835616438,""width"":0.45662100456621,""keypointlabels"":[""Hole""],""original_width"":960,""original_height"":1280},{""x"":47.48858447488584,""y"":46.57534246575342,""width"":0.45662100456621,""keypointlabels"":[""Hole""],""original_width"":960,""original_height"":1280},{""x"":47.48858447488584,""y"":51.369863013698634,""width"":0.45662100456621,""keypointlabels"":[""Hole""],""original_width"":960,""original_height"":1280},{""x"":51.141552511415526,""y"":57.534246575342465,""width"":0.45662100456621,""keypointlabels"":[""Hole""],""original_width"":960,""original_height"":1280}]",6.85,"2025-07-04T08:22:55.348656Z"
73,"1","2025-07-04T08:24:38.385710Z",73,"/data/upload/1/6d5cf2ec-photo_5388806900226844064_y.jpg","[{""x"":54.64313843442955,""y"":51.739816907699996,""width"":0.45662100456621,""keypointlabels"":[""Hole""],""original_width"":960,""original_height"":1280},{""x"":59.41152551479251,""y"":55.31610721797221,""width"":0.45662100456621,""keypointlabels"":[""Hole""],""original_width"":960,""original_height"":1280},{""x"":60.95802943274806,""y"":56.95926763079999,""width"":0.45662100456621,""keypointlabels"":[""Hole""],""original_width"":960,""original_height"":1280}]",102.201,"2025-07-04T08:24:38.385733Z"
74,"1","2025-07-04T08:24:42.667116Z",74,"/data/upload/1/6ae8d978-photo_5389064220307487040_y.jpg","",2.583,"2025-07-04T08:24:42.667144Z"
75,"1","2025-07-04T08:24:45.655531Z",75,"/data/upload/1/e5b36119-photo_5389064220307487042_y.jpg","",1.91,"2025-07-04T08:24:45.655559Z"
76,"1","2025-07-04T08:24:47.724285Z",76,"/data/upload/1/1c30db98-photo_5389064220307487044_y.jpg","",1.35,"2025-07-04T08:24:47.724314Z"
77,"1","2025-07-04T08:24:58.829793Z",77,"/data/upload/1/fd013e8c-photo_5389064220307487046_y.jpg","[{""x"":37.67123287671233,""y"":59.24657534246576,""width"":0.45662100456621,""keypointlabels"":[""Hole""],""original_width"":960,""original_height"":1280},{""x"":34.47488584474886,""y"":66.43835616438356,""width"":0.45662100456621,""keypointlabels"":[""Hole""],""original_width"":960,""original_height"":1280},{""x"":48.858447488584474,""y"":72.26027397260275,""width"":0.45662100456621,""keypointlabels"":[""Hole""],""original_width"":960,""original_height"":1280}]",10.096,"2025-07-04T08:24:58.829820Z"
78,"1","2025-07-04T08:25:13.414851Z",78,"/data/upload/1/cd453976-photo_5389064220307487047_y.jpg","[{""x"":46.57534246575342,""y"":65.75342465753424,""width"":0.45662100456621,""keypointlabels"":[""Hole""],""original_width"":960,""original_height"":1280},{""x"":54.109589041095894,""y"":60.95890410958904,""width"":0.45662100456621,""keypointlabels"":[""Hole""],""original_width"":960,""original_height"":1280},{""x"":55.47945205479452,""y"":51.369863013698634,""width"":0.45662100456621,""keypointlabels"":[""Hole""],""original_width"":960,""original_height"":1280},{""x"":61.41552511415526,""y"":50.68493150684932,""width"":0.45662100456621,""keypointlabels"":[""Hole""],""original_width"":960,""original_height"":1280}]",12.0,"2025-07-04T08:25:13.414871Z"
79,"1","2025-07-04T08:25:31.481031Z",79,"/data/upload/1/73431f8e-photo_5389064220307487048_y.jpg","[{""x"":61.41552511415526,""y"":53.082191780821915,""width"":0.45662100456621,""keypointlabels"":[""Hole""],""original_width"":960,""original_height"":1280},{""x"":32.87671232876712,""y"":46.917808219178085,""width"":0.45662100456621,""keypointlabels"":[""Hole""],""original_width"":960,""original_height"":1280},{""x"":37.21461187214612,""y"":48.45890410958904,""width"":0.45662100456621,""keypointlabels"":[""Hole""],""original_width"":960,""original_height"":1280},{""x"":40.63926940639269,""y"":46.06164383561644,""width"":0.45662100456621,""keypointlabels"":[""Hole""],""original_width"":960,""original_height"":1280}]",17.079,"2025-07-04T08:25:31.481058Z"
80,"1","2025-07-04T08:25:34.207071Z",80,"/data/upload/1/bb320269-photo_5389064220307487051_y.jpg","",1.768,"2025-07-04T08:25:34.207100Z"
81,"1","2025-07-04T08:25:36.669313Z",81,"/data/upload/1/bea8ad9f-photo_5389064220307487053_y.jpg","",1.64,"2025-07-04T08:25:36.669340Z"
82,"1","2025-07-04T08:25:53.659797Z",82,"/data/upload/1/e6cef51a-photo_5389064220307487055_y.jpg","[{""x"":69.86301369863014,""y"":66.26712328767124,""width"":0.45662100456621,""keypointlabels"":[""Hole""],""original_width"":960,""original_height"":1280},{""x"":60.95890410958904,""y"":70.54794520547945,""width"":0.45662100456621,""keypointlabels"":[""Hole""],""original_width"":960,""original_height"":1280},{""x"":44.97716894977169,""y"":61.64383561643836,""width"":0.45662100456621,""keypointlabels"":[""Hole""],""original_width"":960,""original_height"":1280},{""x"":65.98173515981736,""y"":57.534246575342465,""width"":0.45662100456621,""keypointlabels"":[""Hole""],""original_width"":960,""original_height"":1280}]",15.891,"2025-07-04T08:25:53.659821Z"
83,"1","2025-07-04T08:26:08.889618Z",83,"/data/upload/1/b1583e02-photo_5389064220307487057_y.jpg","[{""x"":25.570776255707763,""y"":54.109589041095894,""width"":0.45662100456621,""keypointlabels"":[""Hole""],""original_width"":960,""original_height"":1280},{""x"":50,""y"":60.95890410958904,""width"":0.45662100456621,""keypointlabels"":[""Hole""],""original_width"":960,""original_height"":1280},{""x"":41.55251141552511,""y"":56.678082191780824,""width"":0.45662100456621,""keypointlabels"":[""Hole""],""original_width"":960,""original_height"":1280}]",14.094,"2025-07-04T08:26:08.889645Z"
84,"1","2025-07-04T08:26:20.633477Z",84,"/data/upload/1/99fee0cb-photo_5389064220307487059_y.jpg","[{""x"":30.59360730593607,""y"":62.15753424657534,""width"":0.45662100456621,""keypointlabels"":[""Hole""],""original_width"":960,""original_height"":1280},{""x"":48.63013698630137,""y"":55.9931506849315,""width"":0.45662100456621,""keypointlabels"":[""Hole""],""original_width"":960,""original_height"":1280},{""x"":55.70776255707762,""y"":61.3013698630137,""width"":0.45662100456621,""keypointlabels"":[""Hole""],""original_width"":960,""original_height"":1280},{""x"":46.80365296803653,""y"":58.390410958904106,""width"":0.45662100456621,""keypointlabels"":[""Hole""],""original_width"":960,""original_height"":1280}]",10.537,"2025-07-04T08:26:20.633500Z"
85,"1","2025-07-04T08:26:24.888440Z",85,"/data/upload/1/eb9a0837-photo_5389064220307487060_y.jpg","",3.383,"2025-07-04T08:26:24.888469Z"
86,"1","2025-07-04T08:26:27.764878Z",86,"/data/upload/1/ded45ac4-photo_5389064220307487061_y.jpg","",2.017,"2025-07-04T08:26:27.764905Z"
87,"1","2025-07-04T08:26:30.376449Z",87,"/data/upload/1/3de2038e-photo_5389064220307487062_y.jpg","",1.737,"2025-07-04T08:26:30.376476Z"
88,"1","2025-07-04T08:26:41.384419Z",88,"/data/upload/1/7401d293-photo_5389064220307487063_y.jpg","[{""x"":41.0958904109589,""y"":71.06164383561644,""width"":0.45662100456621,""keypointlabels"":[""Hole""],""original_width"":960,""original_height"":1280},{""x"":53.19634703196348,""y"":55.47945205479452,""width"":0.45662100456621,""keypointlabels"":[""Hole""],""original_width"":960,""original_height"":1280},{""x"":59.1324200913242,""y"":53.76712328767124,""width"":0.45662100456621,""keypointlabels"":[""Hole""],""original_width"":960,""original_height"":1280}]",10.25,"2025-07-04T08:26:41.384446Z"
89,"1","2025-07-04T08:26:53.631896Z",89,"/data/upload/1/1013a1e2-photo_5389064220307487064_y.jpg","[{""x"":46.118721461187214,""y"":56.678082191780824,""width"":0.45662100456621,""keypointlabels"":[""Hole""],""original_width"":960,""original_height"":1280},{""x"":47.48858447488584,""y"":58.21917808219178,""width"":0.45662100456621,""keypointlabels"":[""Hole""],""original_width"":960,""original_height"":1280},{""x"":38.81278538812785,""y"":64.55479452054794,""width"":0.45662100456621,""keypointlabels"":[""Hole""],""original_width"":960,""original_height"":1280},{""x"":49.54337899543379,""y"":68.4931506849315,""width"":0.45662100456621,""keypointlabels"":[""Hole""],""original_width"":960,""original_height"":1280}]",11.3,"2025-07-04T08:26:53.631921Z"
90,"1","2025-07-04T08:26:58.525587Z",90,"/data/upload/1/428c702e-photo_5395762127316314480_y.jpg","",3.923,"2025-07-04T08:26:58.525614Z"
91,"1","2025-07-04T08:27:02.276808Z",91,"/data/upload/1/0c133302-photo_5389064220307487061_y.jpg","",1.963,"2025-07-04T08:27:02.276831Z"
92,"1","2025-07-04T08:27:08.414974Z",92,"/data/upload/1/dae0c3e4-photo_5389064220307487062_y.jpg","",3.941,"2025-07-04T08:27:08.415002Z"
93,"1","2025-07-04T08:27:18.945299Z",93,"/data/upload/1/c0c1fc3f-photo_5389064220307487063_y.jpg","[{""x"":53.42465753424658,""y"":55.650684931506845,""width"":0.45662100456621,""keypointlabels"":[""Hole""],""original_width"":960,""original_height"":1280},{""x"":59.1324200913242,""y"":52.910958904109584,""width"":0.45662100456621,""keypointlabels"":[""Hole""],""original_width"":960,""original_height"":1280},{""x"":41.55251141552511,""y"":70.71917808219177,""width"":0.45662100456621,""keypointlabels"":[""Hole""],""original_width"":960,""original_height"":1280}]",9.5,"2025-07-04T08:27:18.945318Z"
94,"1","2025-07-04T08:27:31.697864Z",94,"/data/upload/1/7e3933b8-photo_5389064220307487064_y.jpg","[{""x"":39.04109589041096,""y"":64.8972602739726,""width"":0.45662100456621,""keypointlabels"":[""Hole""],""original_width"":960,""original_height"":1280},{""x"":45.662100456621005,""y"":57.02054794520548,""width"":0.45662100456621,""keypointlabels"":[""Hole""],""original_width"":960,""original_height"":1280},{""x"":47.48858447488584,""y"":58.56164383561644,""width"":0.45662100456621,""keypointlabels"":[""Hole""],""original_width"":960,""original_height"":1280},{""x"":49.77168949771689,""y"":68.4931506849315,""width"":0.45662100456621,""keypointlabels"":[""Hole""],""original_width"":960,""original_height"":1280}]",11.621,"2025-07-04T08:27:31.697888Z"
95,"1","2025-07-04T08:27:33.930784Z",95,"/data/upload/1/27c8d08a-photo_5395762127316314480_y.jpg","",1.412,"2025-07-04T08:27:33.930808Z"
96,"1","2025-07-04T08:27:44.456893Z",96,"/data/upload/1/43411b03-photo_5395762127316314482_y.jpg","",2.017,"2025-07-04T08:27:44.456921Z"
97,"1","2025-07-04T08:27:46.658628Z",97,"/data/upload/1/cb26d90e-photo_5395762127316314484_y.jpg","",1.426,"2025-07-04T08:27:46.658652Z"
98,"1","2025-07-04T08:27:57.595839Z",98,"/data/upload/1/705cb011-photo_5395762127316314486_y.jpg","[{""x"":43.37899543378995,""y"":57.534246575342465,""width"":0.45662100456621,""keypointlabels"":[""Hole""],""original_width"":960,""original_height"":1280},{""x"":47.26027397260274,""y"":59.76027397260274,""width"":0.45662100456621,""keypointlabels"":[""Hole""],""original_width"":960,""original_height"":1280},{""x"":57.077625570776256,""y"":58.56164383561644,""width"":0.45662100456621,""keypointlabels"":[""Hole""],""original_width"":960,""original_height"":1280},{""x"":64.61187214611871,""y"":55.9931506849315,""width"":0.45662100456621,""keypointlabels"":[""Hole""],""original_width"":960,""original_height"":1280}]",10.08,"2025-07-04T08:27:57.595862Z"
99,"1","2025-07-04T08:28:13.355195Z",99,"/data/upload/1/b28d85e9-photo_5395762127316314488_y.jpg","[{""x"":32.64840182648402,""y"":52.56849315068494,""width"":0.45662100456621,""keypointlabels"":[""Hole""],""original_width"":960,""original_height"":1280},{""x"":36.986301369863014,""y"":54.794520547945204,""width"":0.45662100456621,""keypointlabels"":[""Hole""],""original_width"":960,""original_height"":1280},{""x"":39.04109589041096,""y"":61.64383561643836,""width"":0.45662100456621,""keypointlabels"":[""Hole""],""original_width"":960,""original_height"":1280},{""x"":25.34246575342466,""y"":62.671232876712324,""width"":0.45662100456621,""keypointlabels"":[""Hole""],""original_width"":960,""original_height"":1280}]",14.705,"2025-07-04T08:28:13.355221Z"
100,"1","2025-07-04T08:28:17.876452Z",100,"/data/upload/1/3986943d-photo_5395762127316314491_y.jpg","",1.819,"2025-07-04T08:28:17.876479Z"
101,"1","2025-07-04T08:28:21.238941Z",101,"/data/upload/1/a692d6e6-photo_5395762127316314493_y.jpg","",1.987,"2025-07-04T08:28:21.238970Z"
102,"1","2025-07-04T08:28:24.110518Z",102,"/data/upload/1/9cfa0e94-photo_5395762127316314494_y.jpg","",1.548,"2025-07-04T08:28:24.110545Z"
103,"1","2025-07-04T08:28:34.258878Z",103,"/data/upload/1/1fa06fc4-photo_5395762127316314495_y.jpg","[{""x"":39.04109589041096,""y"":54.109589041095894,""width"":0.45662100456621,""keypointlabels"":[""Hole""],""original_width"":960,""original_height"":1280},{""x"":51.598173515981735,""y"":61.3013698630137,""width"":0.45662100456621,""keypointlabels"":[""Hole""],""original_width"":960,""original_height"":1280},{""x"":40.41095890410959,""y"":66.0958904109589,""width"":0.45662100456621,""keypointlabels"":[""Hole""],""original_width"":960,""original_height"":1280},{""x"":42.23744292237443,""y"":73.28767123287672,""width"":0.45662100456621,""keypointlabels"":[""Hole""],""original_width"":960,""original_height"":1280}]",8.822,"2025-07-04T08:28:34.258905Z"
104,"1","2025-07-04T08:28:42.249152Z",104,"/data/upload/1/40e1d054-photo_5395762127316314497_y.jpg","[{""x"":48.858447488584474,""y"":47.773972602739725,""width"":0.45662100456621,""keypointlabels"":[""Hole""],""original_width"":960,""original_height"":1280},{""x"":56.62100456621004,""y"":47.773972602739725,""width"":0.45662100456621,""keypointlabels"":[""Hole""],""original_width"":960,""original_height"":1280},{""x"":51.369863013698634,""y"":54.794520547945204,""width"":0.45662100456621,""keypointlabels"":[""Hole""],""original_width"":960,""original_height"":1280},{""x"":47.94520547945205,""y"":59.07534246575342,""width"":0.45662100456621,""keypointlabels"":[""Hole""],""original_width"":960,""original_height"":1280}]",7.1,"2025-07-04T08:28:42.249209Z"
105,"1","2025-07-04T08:28:50.516679Z",105,"/data/upload/1/79367ba0-photo_5395762127316314499_y.jpg","[{""x"":29.908675799086758,""y"":40.23972602739726,""width"":0.45662100456621,""keypointlabels"":[""Hole""],""original_width"":960,""original_height"":1280},{""x"":35.38812785388128,""y"":42.97945205479452,""width"":0.45662100456621,""keypointlabels"":[""Hole""],""original_width"":960,""original_height"":1280},{""x"":26.94063926940639,""y"":53.082191780821915,""width"":0.45662100456621,""keypointlabels"":[""Hole""],""original_width"":960,""original_height"":1280},{""x"":31.963470319634702,""y"":55.3082191780822,""width"":0.45662100456621,""keypointlabels"":[""Hole""],""original_width"":960,""original_height"":1280}]",7.182,"2025-07-04T08:28:50.516697Z"
106,"1","2025-07-04T08:28:53.102679Z",106,"/data/upload/1/5d187642-photo_5395762127316314501_y.jpg","",1.666,"2025-07-04T08:28:53.102706Z"
107,"1","2025-07-04T08:29:05.628535Z",107,"/data/upload/1/90e605e0-photo_5395762127316314503_y.jpg","[{""x"":39.04109589041096,""y"":42.97945205479452,""width"":0.45662100456621,""keypointlabels"":[""Hole""],""original_width"":960,""original_height"":1280},{""x"":43.15068493150685,""y"":49.14383561643836,""width"":0.45662100456621,""keypointlabels"":[""Hole""],""original_width"":960,""original_height"":1280},{""x"":37.21461187214612,""y"":57.1917808219178,""width"":0.45662100456621,""keypointlabels"":[""Hole""],""original_width"":960,""original_height"":1280},{""x"":48.63013698630137,""y"":53.76712328767124,""width"":0.45662100456621,""keypointlabels"":[""Hole""],""original_width"":960,""original_height"":1280}]",10.471,"2025-07-04T08:29:05.628560Z"
